{
  "label": "County",
  "relationships": {
    "person_has_mailing_address": [
      {
        "/": "./relationship_person_has_mailing_address_1.json"
      }
    ],
    "property_has_address": {
      "/": "./relationship_property_address.json"
    },
    "property_has_tax": [
      {
        "/": "./relationship_property_tax_1.json"
      }
    ],
    "person_has_fact_sheet": [
      {
        "/": "./relationship_person_1_to_fact_sheet.json"
      }
    ],
    "address_has_fact_sheet": [
      {
        "/": "./relationship_mailing_address_to_fact_sheet.json"
      },
      {
        "/": "./relationship_address_to_fact_sheet.json"
      }
    ],
    "property_has_fact_sheet": [
      {
        "/": "./relationship_property_to_fact_sheet.json"
      }
    ],
    "tax_has_fact_sheet": [
      {
        "/": "./relationship_tax_1_to_fact_sheet.json"
      }
    ]
  }
}