{
  "source_http_request": {
    "method": "GET",
    "url": "https://gis.hcpafl.org/propertysearch/#/parcel/basic/1928081H60000000304B0U"
  },
  "request_identifier": "1928081H60000000304B0U",
  "parcel_identifier": "U-08-28-19-1H6-000000-0304B.0",
  "property_type": null,
  "property_legal_description_text": "UNIVERSITY VILLAGE PART OF THE FOLLOWING TRACT: BEG NW COR OF NE 1/4 OF SW 1/4 AND S TO SW COR W TO SW COR OF NW 1/4 OF SW 1/4 N TO NW COR OF NW 1/4 OF SW 1/4 AND E TO POB LESS TRACT DESC AS BEG 100 FT S OF NE COR OF NW 1/4 OF SW 1/4 RUNS TO SE COR W TO SW SW COR N 805.6 FT E TO PT 665 FT W OF E BDRY N 45 DEG E 84.85 FT S 89 DEG E 337.11 FT N 36 DEG E 455.56 FT TO POB LESS 22ND ST R/W KNOWN AS UNIT 304 B",
  "subdivision": "1H6 | UNIVERSITY VILLAGE",
  "ownership_estate_type": null,
  "build_status": null,
  "structure_form": null,
  "property_usage_type": null
}