{
  "label": "County",
  "relationships": {
    "company_has_mailing_address": [
      {
        "/": "./relationship_company_has_mailing_address_1.json"
      }
    ],
    "property_has_address": {
      "/": "./relationship_property_address.json"
    },
    "property_has_lot": {
      "/": "./relationship_property_lot.json"
    },
    "property_has_tax": [
      {
        "/": "./relationship_property_tax_2024.json"
      },
      {
        "/": "./relationship_property_tax_2025.json"
      }
    ],
    "property_has_sales_history": [
      {
        "/": "./relationship_property_sales_1.json"
      },
      {
        "/": "./relationship_property_sales_2.json"
      },
      {
        "/": "./relationship_property_sales_4.json"
      },
      {
        "/": "./relationship_property_sales_3.json"
      }
    ],
    "property_has_layout": [
      {
        "/": "./relationship_property_layout_3.json"
      },
      {
        "/": "./relationship_property_layout_2.json"
      },
      {
        "/": "./relationship_property_layout_1.json"
      }
    ],
    "address_has_geometry": {
      "/": "./relationship_address_has_geometry.json"
    },
    "property_has_file": [
      {
        "/": "./relationship_property_file_2.json"
      },
      {
        "/": "./relationship_property_file_3.json"
      },
      {
        "/": "./relationship_property_file_1.json"
      },
      {
        "/": "./relationship_property_file_4.json"
      }
    ],
    "property_has_structure": {
      "/": "./relationship_property_has_structure.json"
    },
    "sales_history_has_company": [
      {
        "/": "./relationship_sales_company.json"
      }
    ],
    "deed_has_file": [
      {
        "/": "./relationship_deed_file_1.json"
      },
      {
        "/": "./relationship_deed_file_2.json"
      },
      {
        "/": "./relationship_deed_file_3.json"
      },
      {
        "/": "./relationship_deed_file_4.json"
      }
    ],
    "sales_history_has_deed": [
      {
        "/": "./relationship_sales_deed_1.json"
      },
      {
        "/": "./relationship_sales_deed_2.json"
      },
      {
        "/": "./relationship_sales_deed_3.json"
      },
      {
        "/": "./relationship_sales_deed_4.json"
      }
    ],
    "company_has_fact_sheet": [
      {
        "/": "./relationship_company_1_to_fact_sheet.json"
      }
    ],
    "address_has_fact_sheet": [
      {
        "/": "./relationship_mailing_address_to_fact_sheet.json"
      },
      {
        "/": "./relationship_address_to_fact_sheet.json"
      }
    ],
    "property_has_fact_sheet": [
      {
        "/": "./relationship_property_to_fact_sheet.json"
      }
    ],
    "lot_has_fact_sheet": [
      {
        "/": "./relationship_lot_to_fact_sheet.json"
      }
    ],
    "tax_has_fact_sheet": [
      {
        "/": "./relationship_tax_2024_to_fact_sheet.json"
      },
      {
        "/": "./relationship_tax_2025_to_fact_sheet.json"
      }
    ],
    "sales_history_has_fact_sheet": [
      {
        "/": "./relationship_sales_1_to_fact_sheet.json"
      },
      {
        "/": "./relationship_sales_2_to_fact_sheet.json"
      },
      {
        "/": "./relationship_sales_4_to_fact_sheet.json"
      },
      {
        "/": "./relationship_sales_3_to_fact_sheet.json"
      }
    ],
    "layout_has_fact_sheet": [
      {
        "/": "./relationship_layout_3_to_fact_sheet.json"
      },
      {
        "/": "./relationship_layout_2_to_fact_sheet.json"
      },
      {
        "/": "./relationship_layout_1_to_fact_sheet.json"
      }
    ],
    "geometry_has_fact_sheet": [
      {
        "/": "./relationship_geometry_to_fact_sheet.json"
      }
    ],
    "file_has_fact_sheet": [
      {
        "/": "./relationship_file_2_to_fact_sheet.json"
      },
      {
        "/": "./relationship_file_3_to_fact_sheet.json"
      },
      {
        "/": "./relationship_file_1_to_fact_sheet.json"
      },
      {
        "/": "./relationship_file_4_to_fact_sheet.json"
      }
    ],
    "structure_has_fact_sheet": [
      {
        "/": "./relationship_structure_to_fact_sheet.json"
      }
    ],
    "deed_has_fact_sheet": [
      {
        "/": "./relationship_deed_1_to_fact_sheet.json"
      },
      {
        "/": "./relationship_deed_2_to_fact_sheet.json"
      },
      {
        "/": "./relationship_deed_3_to_fact_sheet.json"
      },
      {
        "/": "./relationship_deed_4_to_fact_sheet.json"
      }
    ]
  }
}