{"source_http_request":{"method":"GET","url":"https://www.okeechobeepa.com/gis"},"request_identifier":"31537350010004000070","space_type":"Building","space_type_index":3,"building_number":3,"built_year":2018,"size_square_feet":1195,"total_area_sq_ft":1195,"flooring_material_type":null,"floor_level":null,"has_windows":null,"window_design_type":null,"window_material_type":null,"window_treatment_type":null,"is_finished":null,"furnished":null,"paint_condition":null,"flooring_wear":null,"clutter_level":null,"visible_damage":null,"countertop_material":null,"cabinet_style":null,"fixture_finish_quality":null,"design_style":null,"natural_light_quality":null,"decor_elements":null,"pool_type":null,"pool_equipment":null,"spa_type":null,"safety_features":null,"view_type":null,"lighting_features":null,"condition_issues":null,"is_exterior":null,"pool_condition":null,"pool_surface_type":null,"pool_water_quality":null,"adjustable_area_sq_ft":null,"area_under_air_sq_ft":null,"heated_area_sq_ft":null,"livable_area_sq_ft":null,"story_type":null}