{"source_http_request":{"method":"GET","url":"https://www.okeechobeepa.com/gis"},"request_identifier":"31537350010004000070","lot_type":"GreaterThanOneQuarterAcre","lot_length_feet":null,"lot_width_feet":null,"lot_area_sqft":281006,"landscaping_features":null,"view":null,"fencing_type":"ChainLink","fence_height":null,"fence_length":null,"driveway_material":null,"driveway_condition":null,"lot_condition_issues":null,"paving_type":"Concrete","site_lighting_type":"SecurityLight","lot_size_acre":6.451}