{"source_http_request":{"method":"GET","url":"https://www.okeechobeepa.com/gis"},"request_identifier":"31537350010004000070","parcel_identifier":"31537350010004000070","property_legal_description_text":"CITY OF OKEECHOBEE THAT PART OF OKEECHOBEE AVE LYING BETWEEN 15TH ST & 17TH ST AND THAT PART OF 16TH ST LYING BETWEEN LOT 6 OF BLOCK 27 & LOT 1 OF BLOCK 40 AND THAT PART OF 16TH ST LYING BETWEEN LOT 16 BLOCK 28 AND LOT 11 BLOCK 39 CITY OF OKEECHOBEE LOTS 1 TO 6 INC BLOCK 40 CITY OF OKEECHOBEE LOTS 11 TO 16 INC BLOCK 39 CITY OF OKEECHOBEE LOTS 1 TO 6 INC BLOCK 27 CITY OF OKEECHOBEE LOTS 11 TO 16 INC BLOCK 28","property_structure_built_year":1987,"number_of_units":null,"subdivision":null,"zoning":null,"property_type":"Building","property_usage_type":"OfficeBuilding","ownership_estate_type":"FeeSimple","structure_form":null,"build_status":"Improved"}