{"source_http_request":{"method":"GET","url":"https://www.okeechobeepa.com/gis"},"request_identifier":"31537350010004000070","architectural_style_type":null,"attachment_type":null,"exterior_wall_material_primary":null,"exterior_wall_material_secondary":null,"exterior_wall_condition":null,"exterior_wall_insulation_type":null,"flooring_material_primary":null,"flooring_material_secondary":null,"subfloor_material":null,"flooring_condition":null,"interior_wall_structure_material":null,"interior_wall_surface_material_primary":null,"interior_wall_surface_material_secondary":null,"interior_wall_finish_primary":null,"interior_wall_finish_secondary":null,"interior_wall_condition":null,"roof_covering_material":null,"roof_underlayment_type":null,"roof_structure_material":null,"roof_design_type":null,"roof_condition":null,"roof_age_years":null,"gutters_material":null,"gutters_condition":null,"roof_material_type":null,"foundation_type":null,"foundation_material":"Concrete Block","foundation_waterproofing":null,"foundation_condition":null,"ceiling_structure_material":null,"ceiling_surface_material":null,"ceiling_insulation_type":null,"ceiling_height_average":null,"ceiling_condition":null,"exterior_door_material":null,"interior_door_material":null,"window_frame_material":null,"window_glazing_type":null,"window_operation_type":null,"window_screen_material":null,"primary_framing_material":"Steel Frame","secondary_framing_material":null,"structural_damage_indicators":null}