{"source_http_request":{"url":"https://www.leepa.org/Display/DisplayParcel.aspx","method":"GET","multiValueQueryString":{"folioID":["10000057"],"historyDetails":["True"],"PropertyDetailsCurrent":["True"],"PropertyDetails":["True"],"AuthDetails":["True"],"SalesDetails":["True"],"PermitDetails":["True"],"RenumberDetails":["True"],"GarbageDetails":["True"],"ElevationDetails":["True"]}},"request_identifier":"10000057","full_address":"4049 SHORE LANE, BOCA GRANDE, FL 33921","county_jurisdiction":"Lee"}